{"cameraMode":{"drawMode":0,"name":"Shaded","section":"Shading Mode"},"sceneLighting":false,"audioPlay":false,"sceneViewState":{"showFog":true,"showMaterialUpdate":true,"showSkybox":true,"showFlares":true,"showImageEffects":true,"showParticleSystems":true},"in2DMode":false,"pivot":{"x":-5.94056510925293,"y":-8.930145263671875,"z":-6.758541107177734},"rotation":{"x":0.1636510193347931,"y":0.7665275931358337,"z":-0.21536242961883546,"w":0.5824713706970215},"size":33.71331024169922,"orthographic":true}