{"cameraMode":{"drawMode":0,"name":"Shaded","section":"Shading Mode"},"sceneLighting":false,"audioPlay":false,"sceneViewState":{"showFog":false,"showMaterialUpdate":false,"showSkybox":false,"showFlares":false,"showImageEffects":false,"showParticleSystems":false},"in2DMode":false,"pivot":{"x":12.68410873413086,"y":0.1180945485830307,"z":0.9950441122055054},"rotation":{"x":0.14811384677886964,"y":0.8425856828689575,"z":-0.2917267680168152,"w":0.4277934730052948},"size":18.673866271972658,"orthographic":false}