{"cameraMode":{"drawMode":0,"name":"Shaded","section":"Shading Mode"},"sceneLighting":false,"audioPlay":false,"sceneViewState":{"showFog":false,"showMaterialUpdate":false,"showSkybox":false,"showFlares":false,"showImageEffects":false,"showParticleSystems":false},"in2DMode":false,"pivot":{"x":-29.073627471923829,"y":21.379688262939454,"z":-9.203819274902344},"rotation":{"x":-0.19245010614395142,"y":-0.7249874472618103,"z":0.22426243126392365,"w":-0.6221435070037842},"size":63.8840217590332,"orthographic":true}